{"tetrahedron": [{"matrix": [[1.0, 0.0, 0.0, 0.0], [0.0, 1.0, 0.0, 0.0], [0.0, 0.0, 1.0, 0.0], [-2.68, 0.54, 0.0, 1.0]], "vertexes": [[3.4348349315401236, 0.10212975571064163, 0.4375825705740943, 1.0], [1.2370153108106996, -3.230409751473081, 0.1850566356754621, 1.0], [0.35811769801284443, -0.023585664246829365, -2.805565082262752, 1.0], [-1.347021409594128, 0.7938628310640238, 1.2471227395689874, 1.0]]}], "plain": [{"matrix": [[1.0, 0.0, 0.0, 0.0], [0.0, 1.0, 0.0, 0.0], [0.0, 0.0, 1.0, 0.0], [-2.5200000000000005, -0.5400000000000008, 0.0, 1.0]], "vertexes": [[-1.9106899975256884, 2.2074000337319903, -6.0275677398527, 1.0], [-6.41321864100041, -0.3884789174237293, 1.8906704703675332, 1.0], [1.9106899975256884, -2.2074000337319903, 6.0275677398527, 1.0], [6.41321864100041, 0.3884789174237293, -1.8906704703675332, 1.0]]}]}